{"cameraMode":{"drawMode":0,"name":"Shaded","section":"Shading Mode"},"sceneLighting":true,"audioPlay":false,"sceneViewState":{"showFog":true,"showMaterialUpdate":false,"showSkybox":true,"showFlares":true,"showImageEffects":true,"showParticleSystems":true},"in2DMode":false,"pivot":{"x":-3.8031370639801027,"y":2.231955051422119,"z":-0.8629351854324341},"rotation":{"x":0.21875520050525666,"y":0.6906242370605469,"z":0.23285061120986939,"w":-0.6488181352615356},"size":4.506461143493652,"orthographic":false}